1,"A'Bhuidheanach Bheag",2645409,"Kingussie",57.07996,-4.05231
2,"A'Chailleach",2645398,"Kinlochewe",57.604328,-5.30205
3,"A'Chailleach",2645409,"Kingussie",57.07996,-4.05231
4,"A'Chraileag (A'Chralaig)",2646086,"Inverness-shire",57.083328,-4.66667
5,"A'Ghlas-bheinn",2646944,"Highland",57.5,-5
6,"A'Mhaighdean",2645398,"Kinlochewe",57.604328,-5.30205
7,"A'Mharconaich",2645409,"Kingussie",57.07996,-4.05231
8,"Am Basteir",2640006,"Portree",57.41288,-6.19418
9,"Am Bodach",2649169,"Fort William",56.816479,-5.11208
10,"Am Faochagach",2635199,"Ullapool",57.89872,-5.16039
11,"An Caisteal",2653989,"Callander",56.244099,-4.21637
12,"An Coileachan",2646944,"Highland",57.5,-5
13,"An Gearanach",2649169,"Fort William",56.816479,-5.11208
14,"An Riabhachan",2646944,"Highland",57.5,-5
15,"An Sgarsoch",2645409,"Kingussie",57.07996,-4.05231
16,"An Socach",2646944,"Highland",57.5,-5
17,"An Socach",7303904,"Milton of Edradour",56.701801,-3.70173
18,"An Socach",2646944,"Highland",57.5,-5
19,"An Stuc",2657820,"Aberfeldy",56.619999,-3.86453
20,"An Teallach-Bidein a'Ghlas Thuill",2635199,"Ullapool",57.89872,-5.16039
21,"An Teallach-Sgurr Fiona",2635199,"Ullapool",57.89872,-5.16039
22,"Aonach air Chrith",2637248,"Spean Bridge",56.891571,-4.91982
23,"Aonach Beag",2649169,"Fort William",56.816479,-5.11208
24,"Aonach Beag",2637248,"Spean Bridge",56.891571,-4.91982
25,"Aonach Eagach-Meall Dearg",2650401,"East Laroch",56.666672,-5.13333
26,"Aonach Eagach-Sgorr nam Fiannaidh",2650401,"East Laroch",56.666672,-5.13333
27,"Aonach Meadhoin",2646086,"Inverness-shire",57.083328,-4.66667
28,"Aonach Mor",2649169,"Fort William",56.816479,-5.11208
29,"Beinn a'Bheithir-Sgorr Dhearg",2650401,"East Laroch",56.666672,-5.13333
30,"Beinn a'Bheithir-Sgorr Dhonuill",2650401,"East Laroch",56.666672,-5.13333
31,"Beinn a'Bhuird (Beinn a'Bhuird North Top)",2656752,"Aviemore",57.19553,-3.8259
32,"Beinn a'Chaorainn",2656752,"Aviemore",57.19553,-3.8259
33,"Beinn a'Chaorainn",2637248,"Spean Bridge",56.891571,-4.91982
34,"Beinn a'Chlachair",2637248,"Spean Bridge",56.891571,-4.91982
35,"Beinn a'Chleibh",2636159,"Taynuilt",56.42881,-5.23928
36,"Beinn a'Chochuill",2636159,"Taynuilt",56.42881,-5.23928
37,"Beinn a'Chreachain",2650401,"East Laroch",56.666672,-5.13333
38,"Beinn a'Chroin",2653989,"Callander",56.244099,-4.21637
39,"Beinn a'Ghlo-Braigh Coire Chruinn-bhalgain",2640255,"Pitlochry",56.705139,-3.73432
40,"Beinn a'Ghlo-Carn Liath",2640255,"Pitlochry",56.705139,-3.73432
41,"Beinn a'Ghlo-Carn nan Gabhar",2640255,"Pitlochry",56.705139,-3.73432
42,"Beinn Achaladair",2650401,"East Laroch",56.666672,-5.13333
43,"Beinn Alligin-Sgurr Mhor",2645398,"Kinlochewe",57.604328,-5.30205
44,"Beinn Alligin-Tom na Gruagaich",2645398,"Kinlochewe",57.604328,-5.30205
45,"Beinn an Dothaidh",2650401,"East Laroch",56.666672,-5.13333
46,"Beinn Bheoil",2637248,"Spean Bridge",56.891571,-4.91982
47,"Beinn Bhreac",2656752,"Aviemore",57.19553,-3.8259
48,"Beinn Bhrotain",2645409,"Kingussie",57.07996,-4.05231
49,"Beinn Bhuidhe",2636159,"Taynuilt",56.42881,-5.23928
50,"Beinn Chabhair",2653989,"Callander",56.244099,-4.21637
51,"Beinn Dearg",2635199,"Ullapool",57.89872,-5.16039
52,"Beinn Dearg",2640255,"Pitlochry",56.705139,-3.73432
53,"Beinn Dorain",2650401,"East Laroch",56.666672,-5.13333
54,"Beinn Dubhchraig",2636159,"Taynuilt",56.42881,-5.23928
55,"Beinn Eibhinn",2637248,"Spean Bridge",56.891571,-4.91982
56,"Beinn Eighe-Ruadh-stac Mor",2645398,"Kinlochewe",57.604328,-5.30205
57,"Beinn Eighe-Spidean Coire nan Clach",2645398,"Kinlochewe",57.604328,-5.30205
58,"Beinn Eunaich",2636159,"Taynuilt",56.42881,-5.23928
59,"Beinn Fhada",2646944,"Highland",57.5,-5
60,"Beinn Fhionnlaidh",2646944,"Highland",57.5,-5
61,"Beinn Fhionnlaidh",2650401,"East Laroch",56.666672,-5.13333
62,"Beinn Ghlas",2652478,"Comrie",56.379101,-3.9949
63,"Beinn Ime",2648877,"Garelochhead",56.082031,-4.82909
64,"Beinn Iutharn Mhor",7303904,"Milton of Edradour",56.701801,-3.70173
65,"Beinn Liath Mhor",2645398,"Kinlochewe",57.604328,-5.30205
66,"Beinn Liath Mhor Fannaich",2645398,"Kinlochewe",57.604328,-5.30205
67,"Beinn Mhanach",2650401,"East Laroch",56.666672,-5.13333
68,"Beinn Mheadhoin",2656752,"Aviemore",57.19553,-3.8259
69,"Beinn na Lap",2637248,"Spean Bridge",56.891571,-4.91982
70,"Beinn nan Aighenan",2636159,"Taynuilt",56.42881,-5.23928
71,"Beinn Narnain",2648877,"Garelochhead",56.082031,-4.82909
72,"Beinn Sgritheall",2657204,"Ardvasar",57.058048,-5.90939
73,"Beinn Sgulaird",2650401,"East Laroch",56.666672,-5.13333
74,"Beinn Sheasgarnaich (Beinn Heasgarnich)",2653989,"Callander",56.244099,-4.21637
75,"Beinn Tarsuinn",2645398,"Kinlochewe",57.604328,-5.30205
76,"Beinn Teallach",2637248,"Spean Bridge",56.891571,-4.91982
77,"Beinn Tulaichean",2653989,"Callander",56.244099,-4.21637
78,"Beinn Udlamain",2645409,"Kingussie",57.07996,-4.05231
79,"Ben Alder",2637248,"Spean Bridge",56.891571,-4.91982
80,"Ben Avon-Leabaidh an Daimh Bhuidhe",2656565,"Ballater",57.049301,-3.04023
81,"Ben Challum (Beinn Challuim)",2653989,"Callander",56.244099,-4.21637
82,"Ben Chonzie",2652478,"Comrie",56.379101,-3.9949
83,"Ben Cruachan",2636159,"Taynuilt",56.42881,-5.23928
84,"Ben Hope",2645401,"Kinlochbervie",58.458691,-5.04332
85,"Ben Klibreck-Meall nan Con",2648341,"Golspie",57.97266,-3.97798
86,"Ben Lawers",2652478,"Comrie",56.379101,-3.9949
87,"Ben Lomond",2648877,"Garelochhead",56.082031,-4.82909
88,"Ben Lui (Beinn Laoigh)",2636159,"Taynuilt",56.42881,-5.23928
89,"Ben Macdui (Beinn Macduibh)",2656752,"Aviemore",57.19553,-3.8259
90,"Ben More",2653989,"Callander",56.244099,-4.21637
91,"Ben More",7290043,"Isle Of Mull",56.446892,-5.77126
92,"Ben More Assynt",2635199,"Ullapool",57.89872,-5.16039
93,"Ben Nevis",2649169,"Fort William",56.816479,-5.11208
94,"Ben Oss",2636159,"Taynuilt",56.42881,-5.23928
95,"Ben Starav",2650401,"East Laroch",56.666672,-5.13333
96,"Ben Vane",2648877,"Garelochhead",56.082031,-4.82909
97,"Ben Vorlich",2653989,"Callander",56.244099,-4.21637
98,"Ben Vorlich",2648877,"Garelochhead",56.082031,-4.82909
99,"Ben Wyvis-Glas Leathad Mor",2651245,"Dingwall",57.59531,-4.42721
100,"Bidean nam Bian",2650401,"East Laroch",56.666672,-5.13333
101,"Bidein a'Choire Sheasgaich",2646944,"Highland",57.5,-5
102,"Binnein Beag",2649169,"Fort William",56.816479,-5.11208
103,"Binnein Mor",2649169,"Fort William",56.816479,-5.11208
104,"Bla Bheinn (Blabheinn) (Blaven)",2657204,"Ardvasar",57.058048,-5.90939
105,"Braeriach",2656752,"Aviemore",57.19553,-3.8259
106,"Broad Cairn",2656565,"Ballater",57.049301,-3.04023
107,"Bruach na Frithe",2640006,"Portree",57.41288,-6.19418
108,"Buachaille Etive Beag-Stob Coire Raineach",2650401,"East Laroch",56.666672,-5.13333
109,"Buachaille Etive Beag-Stob Dubh",2650401,"East Laroch",56.666672,-5.13333
110,"Buachaille Etive Mor-Stob Dearg",2650401,"East Laroch",56.666672,-5.13333
111,"Buachaille Etive Mor-Stob na Broige",2650401,"East Laroch",56.666672,-5.13333
112,"Bynack More",2656752,"Aviemore",57.19553,-3.8259
113,"Cairn Bannoch",2656565,"Ballater",57.049301,-3.04023
114,"Cairn Gorm",2656752,"Aviemore",57.19553,-3.8259
115,"Cairn of Claise",2656565,"Ballater",57.049301,-3.04023
116,"Cairn Toul",2656752,"Aviemore",57.19553,-3.8259
117,"Carn a'Chlamain",2640255,"Pitlochry",56.705139,-3.73432
118,"Carn a'Choire Bhoidheach",2656565,"Ballater",57.049301,-3.04023
119,"Carn a'Gheoidh",7303904,"Milton of Edradour",56.701801,-3.70173
120,"Carn a'Mhaim",2656752,"Aviemore",57.19553,-3.8259
121,"Carn an Fhidhleir (Carn Ealar)",2645409,"Kingussie",57.07996,-4.05231
122,"Carn an Righ",7303904,"Milton of Edradour",56.701801,-3.70173
123,"Carn an t-Sagairt Mor",2656565,"Ballater",57.049301,-3.04023
124,"Carn an Tuirc",2656565,"Ballater",57.049301,-3.04023
125,"Carn Aosda",7303904,"Milton of Edradour",56.701801,-3.70173
126,"Carn Bhac",7303904,"Milton of Edradour",56.701801,-3.70173
127,"Carn Dearg",2646086,"Inverness-shire",57.083328,-4.66667
128,"Carn Dearg",2645409,"Kingussie",57.07996,-4.05231
129,"Carn Dearg",2637248,"Spean Bridge",56.891571,-4.91982
130,"Carn Eige (Carn Eighe)",2646944,"Highland",57.5,-5
131,"Carn Ghluasaid",2646086,"Inverness-shire",57.083328,-4.66667
132,"Carn Gorm",2657820,"Aberfeldy",56.619999,-3.86453
133,"Carn Liath",2646086,"Inverness-shire",57.083328,-4.66667
134,"Carn Mairg",2657820,"Aberfeldy",56.619999,-3.86453
135,"Carn Mor Dearg",2649169,"Fort William",56.816479,-5.11208
136,"Carn na Caim",2645409,"Kingussie",57.07996,-4.05231
137,"Carn nan Gobhar",2646944,"Highland",57.5,-5
138,"Carn nan Gobhar",2646944,"Highland",57.5,-5
139,"Carn Sgulain",2645409,"Kingussie",57.07996,-4.05231
140,"Chno Dearg",2637248,"Spean Bridge",56.891571,-4.91982
141,"Ciste Dhubh",2646086,"Inverness-shire",57.083328,-4.66667
142,"Cona' Mheall",2635199,"Ullapool",57.89872,-5.16039
143,"Conival",2635199,"Ullapool",57.89872,-5.16039
144,"Creag a'Mhaim",2637248,"Spean Bridge",56.891571,-4.91982
145,"Creag Leacach",7303904,"Milton of Edradour",56.701801,-3.70173
146,"Creag Meagaidh",2646086,"Inverness-shire",57.083328,-4.66667
147,"Creag Mhor",2653989,"Callander",56.244099,-4.21637
148,"Creag nan Damh",2643857,"Lochailort",56.878151,-5.66362
149,"Creag Pitridh",2646086,"Inverness-shire",57.083328,-4.66667
150,"Creise",2650401,"East Laroch",56.666672,-5.13333
151,"Cruach Ardrain",2653989,"Callander",56.244099,-4.21637
152,"Derry Cairngorm",2656752,"Aviemore",57.19553,-3.8259
153,"Driesh",2645191,"Kirriemuir",56.673981,-3.00343
154,"Druim Shionnach",2637248,"Spean Bridge",56.891571,-4.91982
155,"Eididh nan Clach Geala",2635199,"Ullapool",57.89872,-5.16039
156,"Fionn Bheinn",2645398,"Kinlochewe",57.604328,-5.30205
157,"Gairich",2637248,"Spean Bridge",56.891571,-4.91982
158,"Garbh Chioch Mhor",2643857,"Lochailort",56.878151,-5.66362
159,"Geal Charn",2646086,"Inverness-shire",57.083328,-4.66667
160,"Geal Charn",2646086,"Inverness-shire",57.083328,-4.66667
161,"Geal-charn",2637248,"Spean Bridge",56.891571,-4.91982
162,"Geal-charn",2645409,"Kingussie",57.07996,-4.05231
163,"Glas Bheinn Mhor",2650401,"East Laroch",56.666672,-5.13333
164,"Glas Maol",7303904,"Milton of Edradour",56.701801,-3.70173
165,"Glas Tulaichean",7303904,"Milton of Edradour",56.701801,-3.70173
166,"Gleouraich",2637248,"Spean Bridge",56.891571,-4.91982
167,"Gulvain (Gaor Bheinn)",2649169,"Fort William",56.816479,-5.11208
168,"Ladhar Bheinn",2657204,"Ardvasar",57.058048,-5.90939
169,"Liathach-Mullach an Rathain",2645398,"Kinlochewe",57.604328,-5.30205
170,"Liathach-Spidean a'Choire Leith",2645398,"Kinlochewe",57.604328,-5.30205
171,"Lochnagar-Cac Carn Beag",2656565,"Ballater",57.049301,-3.04023
172,"Luinne Bheinn",2643857,"Lochailort",56.878151,-5.66362
173,"Lurg Mhor",2646944,"Highland",57.5,-5
174,"Mam Sodhail",2646944,"Highland",57.5,-5
175,"Maoile Lunndaidh",2646944,"Highland",57.5,-5
176,"Maol Chean-dearg",2645398,"Kinlochewe",57.604328,-5.30205
177,"Maol Chinn-dearg",2637248,"Spean Bridge",56.891571,-4.91982
178,"Mayar",2645191,"Kirriemuir",56.673981,-3.00343
179,"Meall a'Bhuiridh",2650401,"East Laroch",56.666672,-5.13333
180,"Meall a'Choire Leith",2657820,"Aberfeldy",56.619999,-3.86453
181,"Meall a'Chrasgaidh",2645398,"Kinlochewe",57.604328,-5.30205
182,"Meall Buidhe",2643857,"Lochailort",56.878151,-5.66362
183,"Meall Buidhe",2657820,"Aberfeldy",56.619999,-3.86453
184,"Meall Chuaich",2645409,"Kingussie",57.07996,-4.05231
185,"Meall Corranaich",2652478,"Comrie",56.379101,-3.9949
186,"Meall Garbh",2657820,"Aberfeldy",56.619999,-3.86453
187,"Meall Garbh",2657820,"Aberfeldy",56.619999,-3.86453
188,"Meall Ghaordaidh",2652478,"Comrie",56.379101,-3.9949
189,"Meall Glas",2653989,"Callander",56.244099,-4.21637
190,"Meall Gorm",2646944,"Highland",57.5,-5
191,"Meall Greigh",2657820,"Aberfeldy",56.619999,-3.86453
192,"Meall na Aighean",2657820,"Aberfeldy",56.619999,-3.86453
193,"Meall na Teanga",2637248,"Spean Bridge",56.891571,-4.91982
194,"Meall nan Ceapraichean",2635199,"Ullapool",57.89872,-5.16039
195,"Meall nan Eun",2650401,"East Laroch",56.666672,-5.13333
196,"Meall nan Tarmachan",2652478,"Comrie",56.379101,-3.9949
197,"Monadh Mor",2656752,"Aviemore",57.19553,-3.8259
198,"Moruisg",2646944,"Highland",57.5,-5
199,"Mount Keen",2656565,"Ballater",57.049301,-3.04023
200,"Mullach Clach a'Bhlair",2645409,"Kingussie",57.07996,-4.05231
201,"Mullach Coire Mhic Fhearchair",2645398,"Kinlochewe",57.604328,-5.30205
202,"Mullach Fraoch-choire",2646091,"Invermoriston",57.214359,-4.61758
203,"Mullach na Dheiragain",2646944,"Highland",57.5,-5
204,"Mullach nan Coirean",2649169,"Fort William",56.816479,-5.11208
205,"Na Gruagaichean",2649169,"Fort William",56.816479,-5.11208
206,"Ruadh Stac Mor",2645398,"Kinlochewe",57.604328,-5.30205
207,"Sail Chaorainn (Sail Chaoruinn)",2646086,"Inverness-shire",57.083328,-4.66667
208,"Saileag",2646086,"Inverness-shire",57.083328,-4.66667
209,"Schiehallion",2657820,"Aberfeldy",56.619999,-3.86453
210,"Seana Bhraigh",2635199,"Ullapool",57.89872,-5.16039
211,"Sgairneach Mhor",2645409,"Kingussie",57.07996,-4.05231
212,"Sgiath Chuil",2653989,"Callander",56.244099,-4.21637
213,"Sgor an Lochain Uaine",2656752,"Aviemore",57.19553,-3.8259
214,"Sgor Gaibhre",2637248,"Spean Bridge",56.891571,-4.91982
215,"Sgor Gaoith",2656752,"Aviemore",57.19553,-3.8259
216,"Sgor na h-Ulaidh",2650401,"East Laroch",56.666672,-5.13333
217,"Sgorr Ruadh",2645398,"Kinlochewe",57.604328,-5.30205
218,"Sgurr a'Bhealaich Dheirg",2646086,"Inverness-shire",57.083328,-4.66667
219,"Sgurr a'Chaorachain",2646944,"Highland",57.5,-5
220,"Sgurr a'Choire Ghlais",2646944,"Highland",57.5,-5
221,"Sgurr a'Ghreadaidh",2640006,"Portree",57.41288,-6.19418
222,"Sgurr a'Mhadaidh",2640006,"Portree",57.41288,-6.19418
223,"Sgurr a'Mhaim",2649169,"Fort William",56.816479,-5.11208
224,"Sgurr a'Mhaoraich",2643857,"Lochailort",56.878151,-5.66362
225,"Sgurr Alasdair",2640006,"Portree",57.41288,-6.19418
226,"Sgurr an Doire Leathain",2637248,"Spean Bridge",56.891571,-4.91982
227,"Sgurr an Lochain",2637248,"Spean Bridge",56.891571,-4.91982
228,"Sgurr Ban",2645398,"Kinlochewe",57.604328,-5.30205
229,"Sgurr Breac",2645398,"Kinlochewe",57.604328,-5.30205
230,"Sgurr Choinnich",2646944,"Highland",57.5,-5
231,"Sgurr Choinnich Mor",2637248,"Spean Bridge",56.891571,-4.91982
232,"Sgurr Dearg-Inaccessible Pinnacle",2640006,"Portree",57.41288,-6.19418
233,"Sgurr Dubh Mor",2640006,"Portree",57.41288,-6.19418
234,"Sgurr Eilde Mor",2649169,"Fort William",56.816479,-5.11208
235,"Sgurr Fhuar-thuill",2646944,"Highland",57.5,-5
236,"Sgurr Fhuaran",2657204,"Ardvasar",57.058048,-5.90939
237,"Sgurr Mhic Choinnich",2640006,"Portree",57.41288,-6.19418
238,"Sgurr Mor",2645398,"Kinlochewe",57.604328,-5.30205
239,"Sgurr Mor",2643857,"Lochailort",56.878151,-5.66362
240,"Sgurr na Banachdich",2640006,"Portree",57.41288,-6.19418
241,"Sgurr na Carnach",2657204,"Ardvasar",57.058048,-5.90939
242,"Sgurr na Ciche",2643857,"Lochailort",56.878151,-5.66362
243,"Sgurr na Ciste Duibhe",2657204,"Ardvasar",57.058048,-5.90939
244,"Sgurr na Lapaich",2646944,"Highland",57.5,-5
245,"Sgurr na Ruaidhe",2646944,"Highland",57.5,-5
246,"Sgurr na Sgine",2657204,"Ardvasar",57.058048,-5.90939
247,"Sgurr nan Ceathreamhnan (Sgurr nan Ceathramhnan)",2646944,"Highland",57.5,-5
248,"Sgurr nan Clach Geala",2645398,"Kinlochewe",57.604328,-5.30205
249,"Sgurr nan Coireachan",2643857,"Lochailort",56.878151,-5.66362
250,"Sgurr nan Coireachan",2643857,"Lochailort",56.878151,-5.66362
251,"Sgurr nan Conbhairean",2646086,"Inverness-shire",57.083328,-4.66667
252,"Sgurr nan Each",2645398,"Kinlochewe",57.604328,-5.30205
253,"Sgurr nan Eag",2640006,"Portree",57.41288,-6.19418
254,"Sgurr nan Gillean",2640006,"Portree",57.41288,-6.19418
255,"Sgurr Thuilm",2643857,"Lochailort",56.878151,-5.66362
256,"Slioch",2645398,"Kinlochewe",57.604328,-5.30205
257,"Spidean Mialach",2637248,"Spean Bridge",56.891571,-4.91982
258,"Sron a'Choire Ghairbh",2637248,"Spean Bridge",56.891571,-4.91982
259,"Stob a'Choire Mheadhoin",2637248,"Spean Bridge",56.891571,-4.91982
260,"Stob a'Choire Odhair",2650401,"East Laroch",56.666672,-5.13333
261,"Stob Ban",2649169,"Fort William",56.816479,-5.11208
262,"Stob Ban",2637248,"Spean Bridge",56.891571,-4.91982
263,"Stob Binnein",2653989,"Callander",56.244099,-4.21637
264,"Stob Choire Claurigh",2637248,"Spean Bridge",56.891571,-4.91982
265,"Stob Coir' an Albannaich",2650401,"East Laroch",56.666672,-5.13333
266,"Stob Coire a'Chairn",2649169,"Fort William",56.816479,-5.11208
267,"Stob Coire an Laoigh",2637248,"Spean Bridge",56.891571,-4.91982
268,"Stob Coire Easain",2637248,"Spean Bridge",56.891571,-4.91982
269,"Stob Coire Sgreamhach",2650401,"East Laroch",56.666672,-5.13333
270,"Stob Coire Sgriodain",2637248,"Spean Bridge",56.891571,-4.91982
271,"Stob Daimh (Stob Diamh)",2636159,"Taynuilt",56.42881,-5.23928
272,"Stob Ghabhar",2650401,"East Laroch",56.666672,-5.13333
273,"Stob Poite Coire Ardair",2646086,"Inverness-shire",57.083328,-4.66667
274,"Stuc a'Chroin",2653989,"Callander",56.244099,-4.21637
275,"Stuchd an Lochain (Stuc an Lochain)",2652478,"Comrie",56.379101,-3.9949
276,"The Cairnwell",7303904,"Milton of Edradour",56.701801,-3.70173
277,"The Devil's Point",2656752,"Aviemore",57.19553,-3.8259
278,"The Saddle",2657204,"Ardvasar",57.058048,-5.90939
279,"Toll Creagach",2646944,"Highland",57.5,-5
280,"Tolmount",2656565,"Ballater",57.049301,-3.04023
281,"Tom a'Choinich",2646944,"Highland",57.5,-5
282,"Tom Buidhe",2656565,"Ballater",57.049301,-3.04023
